Workbook

Sheet 테스트 세트
A1: # | B1: 칸 | C1: 연령 | D1: URL | E1: 제목 | F1: 채널 | G1: 가라벨 / 이유 (검색 기준) | H1: 상태 | I1: 정답지 추천 | J1: 확정 라벨 (내가 찍음) | K1: 확정 판정 | L1: 밝힘 문구 있음? | M1: 비고
A2: 1 | B2: 틴 봐도 됨 (Lens) | C2: 틴 | D2: https://www.youtube.com/watch?v=_OxuxhHF1WI | E2: Last Chance to Win This $30,000 Tesla Model X, Giveaway Ends Tonight | F2: Auto Auction Rebuilds | G2: URG, RICH | H2: 확인, 데모 1 | I2: 정답지
A3: 2 | B3: 틴 봐도 됨 (Lens) | C3: 틴 | D3: https://www.youtube.com/watch?v=H4RZKSOCQpE | E3: Supercharged Camaro Giveaway ENDS TONIGHT | F3: RestoMods | G3: URG, RICH | H3: 확인
A4: 3 | B4: 틴 봐도 됨 (Lens) | C4: 틴 | D4: https://www.youtube.com/watch?v=YjIA7HJXFg0 | E4: My 14-Day Detox Results w/ Skinny Teatox | F4: TheBrilliantBeauty | G4: BODY, AD는 밝힘 문구 확인 후 | H4: 확인, 데모 2 | I4: 정답지
A5: 4 | B5: 틴 봐도 됨 (Lens) | C5: 틴 | D5: https://www.youtube.com/watch?v=HgjRJAh9kME | E5: Kourtney Kardashian Flat Tummy Tea Review | F5: Jessica Carroll | G5: BODY, AD (밝힘 없음 메모, 확인 필요) | H5: 확인, 데모 3 후보
A6: 5 | B6: 틴 봐도 됨 (Lens) | C6: 틴 | D6: https://www.youtube.com/watch?v=TVYv8TQjUiU | E6: HONEST REVIEW 28 DAYS DETOX FLAT TUMMY TEA BEFORE AND AFTER | F6: Charmbody254 | G6: BODY, AD, PROOF | H6: 확인
A7: 6 | B7: 틴 봐도 됨 (Lens) | C7: 틴 | D7: https://www.youtube.com/watch?v=tm9Xfv6wpN4 | E7: I TRIED APPLE CIDER VINEGAR FOR 1 WEEK, I'M SHOOK | F7: The Daily Student | G7: BODY, CLICK | H7: 확인
A8: 7 | B8: 틴 봐도 됨 (Lens) | C8: 틴 | D8: https://www.youtube.com/watch?v=NT3I2bhm1Ek | E8: I tried Korean skincare for 6 months, the results are shocking! | F8: BILLIE BLONDE | G8: BODY, AD, CLICK | H8: 확인
A9: 8 | B9: 틴 봐도 됨 (Lens) | C9: 틴 | D9: https://www.youtube.com/watch?v=Blzl_nifKYg | E9: I bought EVERY VIRAL Tik Tok makeup product so you don't have to! | F9: Manny Mua | G9: PROOF, AD | H9: 확인
A10: 9 | B10: 틴 봐도 됨 (Lens) | C10: 틴 | D10: https://www.youtube.com/watch?v=N8EYO-GIdTs | E10: Week in My Life as A Humble 22 y/o Multi Millionaire | F10: DESIRICHKID | G10: COMPARE, 설명란에 코칭 판매 | H10: 확인
A11: 10 | B11: 틴 봐도 됨 (Lens) | C11: 틴 | D11: https://www.youtube.com/watch?v=h5BROsH6LYE | E11: How I've made $10K a month online since I was 15 | F11: Taylor Rankine | G11: RICH, COMPARE | H11: 확인
A12: 11 | B12: 틴 주의 (Lens + 부모 표시) | C12: 틴 | D12: https://www.youtube.com/watch?v=3kdnLb-fdrY | E12: How I lost 20 pounds in 2 weeks on a low budget | F12: Nkemamaka Ike | G12: 강한 체중 수치 + 기간, 밝힘 없음 | H12: 확인 | I12: 정답지
A13: 12 | B13: 틴 주의 (Lens + 부모 표시) | C13: 틴 | D13: https://www.youtube.com/watch?v=2VTb1eVw7Cg | E13: I tried the 20lbs in 2 weeks DANCE WORKOUT and it WORKED! | F13: Jazz Rose | G13: 강한 체중 주장 + 설명란이 링크·할인코드 | H13: 확인
A14: 13 | B14: 틴 주의 (Lens + 부모 표시) | C14: 틴 | D14: https://www.youtube.com/watch?v=VGWnU-Lqrxc | E14: WHAT I EAT IN A DAY, Secrets to staying slim! | F14: Laura Blair | G14: 식단 제한을 동경하게 하는 프레임 | H14: 확인
A15: 14 | B15: 틴 차단 | C15: 틴 | D15: https://www.youtube.com/watch?v=RkSXs2WToDY | E15: The BIGGEST Operation Case Opening ($10,000) | F15: DrewUnboxing | G15: 도박형: 실제 돈 룻박스 | H15: 확인, 데모 후보 | I15: 정답지
A16: 15 | B16: 틴 차단 | C16: 틴 | D16: https://www.youtube.com/watch?v=sxUFgzwgWhc | E16: BEST CS2 GAMBLING SITES OF 2025, Get Free CSGO Skins, Promo Code | F16: veyzix | G16: 도박형: 스킨 도박 사이트 추천코드 5개, 페이지 18+ | H16: 확인, 데모 후보
A17: 16 | B17: 틴 차단 | C17: 틴 | D17: https://www.youtube.com/watch?v=sePMRp_CF68 | E17: 8 MINUTES OF STREET FIGHTS & HOOD FIGHTS 2025 | F17: MOTO FURY 2 | G17: 폭력 미화 | H17: 확인
A18: 17 | B18: 틴 차단 | C18: 틴 | D18: https://www.youtube.com/watch?v=9ivV1sbd9cs | E18: HOOD FIGHTS 2024 & STREET FIGHTS, SCHOOL FIGHTS, ROAD RAGE | F18: MOTO FURY 2 | G18: 폭력 미화, 제목에 school fights | H18: 확인, 데모 후보 | I18: 정답지
A19: 18 | B19: 틴 차단 | C19: 틴 | D19: https://www.youtube.com/watch?v=9ZcmzB9ToZo | E19: Vape Trick Tutorial, How to: Jellyfish | F19: vAustinL | G19: 약물·흡연 미화 | H19: 확인
A20: 19 | B20: 틴 차단 | C20: 틴 | D20: https://www.youtube.com/watch?v=IXR7ZAXA5oU | E20: My First Time Getting Drunk.. | F20: GeologyshiXtra | G20: 음주 미화 | H20: 확인
A21: 20 | B21: 틴 차단 | C21: 틴 | D21: https://www.youtube.com/watch?v=CP1bEZXk34I | E21: I Tried SARMS at 16 and Here's What Happened | F21: Anthony Mantello | G21: 미승인 약물 + 보조제 할인코드 | H21: 확인
A22: 21 | B22: 틴 차단 | C22: 틴 | D22: https://www.youtube.com/watch?v=I3xzzAN1-z4 | E22: AKC F-16 OTF Automatic Knife Review, A fun cheapish switchblade | F22: Advanced Knife Bro | G22: 무기 + 구매 링크 | H22: 확인
A23: 22 | B23: 틴 차단 | C23: 틴 | D23: https://www.youtube.com/watch?v=MIrjg_jPD88 | E23: Master KARAMBIT Flipping in Minutes! Great for Beginners | F23: Kali Center | G23: 무기 + 스토어 링크 | H23: 확인
A24: 23 | B24: 틴 차단 | C24: 틴 | D24: https://www.youtube.com/watch?v=tL49cpCfW00 | E24: Best FREE Telegram Trading Signal Group, HIGH Profits 2026 | F24: CryptoNinjas | G24: 사적 연락 유도: t.me 그룹 + private group | H24: 확인, 데모 후보
A25: 24 | B25: 틴 차단 | C25: 틴 | D25: https://www.youtube.com/watch?v=vntmLCH6M1w | E25: Andrew Tate SCHOOLS Modern Women | F25: whatever Clips | G25: 매노스피어 클립 | H25: 확인
A26: 25 | B26: 틴 차단 | C26: 틴 | D26: https://www.youtube.com/watch?v=Vl6BwGkhH9I | E26: STREET TAKEOVER IS ACTIVE ALL NIGHT! SIDESHOW TAKEOVER!! | F26: DStreet | G26: 위험 운전 미화 | H26: 확인
A27: 26 | B27: 키즈 봐도 됨 | C27: 키즈 | D27: https://www.youtube.com/watch?v=wfnsRi8Jgdw | E27: The Great Elephant Toothpaste Experiment! | F27: SciShow Kids | G27: 신뢰 채널, 수법 없음 | H27: 확인, 6:23 | I27: 정답지
A28: 27 | B28: 키즈 봐도 됨 | C28: 키즈 | D28: https://www.youtube.com/watch?v=0Qmgdz9E47s | E28: The Power of Sunlight! Science Project for Kids | F28: SciShow Kids | G28: 신뢰 채널, 수법 없음 | H28: 확인
A29: 28 | B29: 키즈 봐도 됨 | C29: 키즈 | D29: https://www.youtube.com/watch?v=GkBWcJBxSMs | E29: Let's Make Slime! | F29: SciShow Kids | G29: 신뢰 채널, 수법 없음 | H29: 검색만
A30: 29 | B30: 키즈 봐도 됨 | C30: 키즈 | D30: https://www.youtube.com/watch?v=a-SPYPAedCA | E30: Unpoppable Bubbles! | F30: SciShow Kids | G30: 신뢰 채널, 수법 없음 | H30: 검색만
A31: 30 | B31: 키즈 봐도 됨 | C31: 키즈 | D31: https://www.youtube.com/watch?v=nmh5ot2F6gM | E31: Super Strange Animals, Super Animals Full Episode | F31: Nat Geo Kids | G31: 신뢰 채널, 수법 없음 | H31: 확인
A32: 31 | B32: 키즈 봐도 됨 | C32: 키즈 | D32: https://www.youtube.com/watch?v=GULXtdoLgpQ | E32: LEGO Ideas Medieval Blacksmith 21325 Designer Video | F32: LEGO | G32: 신뢰 채널, 수법 없음 | H32: 확인
A33: 32 | B33: 키즈 봐도 됨 | C33: 키즈 | D33: https://www.youtube.com/watch?v=HcItfU1zwqE | E33: LEGO Creator Expert Fiat 500 Designer Video | F33: LEGO | G33: 신뢰 채널, 수법 없음 | H33: 확인
A34: 33 | B34: 키즈 승인 필요 | C34: 키즈 | D34: https://www.youtube.com/watch?v=DBwGvKFqBSo | E34: COMBO PANDA TOYS ARE HERE! Ryan's World Toy Shopping at Walmart and Unboxing | F34: Combo Panda | G34: 언박싱 + 자사 장난감 쇼핑 | H34: 확인 | I34: 정답지
A35: 34 | B35: 키즈 승인 필요 | C35: 키즈 | D35: https://www.youtube.com/watch?v=2uNNqelTWcs | E35: ULTRA RARE RYAN'S WORLD Mystery Figure?! Surprise Toy Unboxing | F35: Channel TOYS Canada | G35: 블라인드백 '희귀템 나올까' 훅 | H35: 확인
A36: 35 | B36: 키즈 승인 필요 | C36: 키즈 | D36: https://www.youtube.com/watch?v=HHugwVWVN-U | E36: Vlad and Niki Crazy Rocketship Playset Unboxing & Review | F36: TTPM Toy Reviews | G36: 상업 장난감 리뷰 채널 | H36: 확인
A37: 36 | B37: 키즈 승인 필요 | C37: 키즈 | D37: https://www.youtube.com/watch?v=mBey7fGYeQ0 | E37: You Won't Believe This Lego Pokemon Build! | F37: BKHBRICKS | G37: 주제는 OK, 제목이 낚시 | H37: 확인
A38: 37 | B38: 키즈 승인 필요 | C38: 키즈 | D38: https://www.youtube.com/watch?v=_p-10Dnytgw | E38: School/Science Project, Water Wheel, Tinker Crate by KiwiCo | F38: Matt Creationz | G38: 제품명 노출, 밝힘 없음 | H38: 확인
A39: 38 | B39: 키즈 숨김 | C39: 키즈 | D39: https://www.youtube.com/watch?v=ynLw9MGPicw | E39: All Jumpscares / SCARY Moments in Outlast & DLC | F39: DemonBlade Husky | G39: 리얼 호러 게임 | H39: 확인, 데모 후보 | I39: 정답지
A40: 39 | B40: 키즈 숨김 | C40: 키즈 | D40: https://www.youtube.com/watch?v=y7TJQTqGNqA | E40: THE 35 SCARIEST MOMENTS IN Dead By Daylight HISTORY! | F40: Dead By Daylight Overdose | G40: 리얼 호러 게임 | H40: 확인
A41: 40 | B41: 키즈 숨김 | C41: 키즈 | D41: https://www.youtube.com/watch?v=rvfyAD7Ufvg | E41: Five Nights at Freddy's 1-4 All Jumpscares Animation | F41: Arcade Chick | G41: 점프스케어 모음 | H41: 확인
A42: 41 | B42: 키즈 숨김 | C42: 키즈 | D42: https://www.youtube.com/watch?v=bk5BqNRGZoQ | E42: HUGGY WUGGY IS BACK & SCARIER! Poppy Playtime Chapter 5 | F42: SpyCakes | G42: 키즈 시청층 채널의 호러 | H42: 확인
A43: 42 | B43: 키즈 숨김 | C43: 키즈 | D43: https://www.youtube.com/watch?v=P09lNUxMfqU | E43: 14 More Horror Stories Animated (Compilation of 2016) | F43: Llama Arts | G43: 애니메이션 괴담 | H43: 확인
A44: 43 | B44: 키즈 숨김 | C44: 키즈 | D44: https://www.youtube.com/watch?v=1J1fInmPYoY | E44: Don't Ever Go To A Strange Woman's House (Horror Story Animated) | F44: Wansee Entertainment | G44: 애니메이션 괴담 | H44: 확인
A45: 44 | B45: 키즈 숨김 | C45: 키즈 | D45: https://www.youtube.com/watch?v=2QRDjiLBUVE | E45: Pregnancy Battle: Spiderman Gives Shots and Gets Disney Princesses Pregnant Elsa Prank | F45: ABC Animals - Nursery Rhymes | G45: Elsagate 정석: 주사 + 임신, 동요 채널 브랜드 | H45: 확인, 데모 후보 | I45: 정답지
A46: 45 | B46: 키즈 숨김 | C46: 키즈 | D46: https://www.youtube.com/watch?v=bvXMGbeIy_o | E46: Elsa Baby is Sick! Elsa & Spiderman take baby elsa to the doctor | F46: moh12vedioes | G46: Elsagate: 캐릭터 위장 | H46: 확인
A47: 46 | B47: 키즈 숨김 | C47: 키즈 | D47: https://www.youtube.com/watch?v=2JJGBCXkz_4 | E47: iMakeMcVids 1 Hour Rage Compilation, THE BEST RAGES OF MINECRAFT | F47: iMakeMcVids | G47: 키즈 게임 + 욕설·분노 | H47: 확인
A48: 47 | B48: 키즈 숨김 | C48: 키즈 | D48: https://www.youtube.com/watch?v=eKlJfCBnMyU | E48: Creepy Toy Prank, Scaring my 3 year old. | F48: Outdoor Boys | G48: 아이 울리는 장난 | H48: 확인, 데모 후보
A49: 48 | B49: 키즈 숨김 | C49: 키즈 | D49: https://www.youtube.com/watch?v=0OjQadFdvFc | E49: Destroying Little Brothers Money Prank! (He Cries) | F49: Diamond Mamba | G49: 아이 울리는 장난, 제목에 he cries | H49: 확인
A50: 49 | B50: 키즈 숨김 | C50: 키즈 | D50: https://www.youtube.com/watch?v=Kku6cAkhro0 | E50: BRUTAL Rockets, Miniguns and Landmines MOD, MINECRAFT EDUCATION | F50: Learn With Minecraft Education | G50: 무기 콘텐츠에 교육 프레임 | H50: 확인
A51: 50 | B51: 오탐 테스트 | C51: 공통 | D51: https://www.youtube.com/watch?v=OWiSw26KN1s | E51: The truth about the teatox craze (Marketplace) | F51: CBC News | G51: 탐사보도, 디톡스 차 키워드 공유 | H51: 확인 | I51: 정답지
A52: 51 | B52: 오탐 테스트 | C52: 공통 | D52: https://www.youtube.com/watch?v=Q7cXWq8eiJI | E52: Nutritionists Say Detox Teas Offer Temporary Weight Loss | F52: CBS Philadelphia | G52: 뉴스 팩트체크 | H52: 확인
A53: 52 | B53: 오탐 테스트 | C53: 공통 | D53: https://www.youtube.com/watch?v=OC4ijKLqzqc | E53: Detox Tea Is a SCAM (Here's the Truth) | F53: Fiaz Ali | G53: 대문자 낚시 스타일, 내용은 디벙킹 | H53: 확인
A54: 53 | B54: 오탐 테스트 | C54: 공통 | D54: https://www.youtube.com/watch?v=c2XqFcOrXs0 | E54: Do CRINGE Youtube Thumbnail Faces Get More Views? | F54: VEED CREATORS | G54: 낚시에 대한 실험 | H54: 확인, 5:44
A55: 54 | B55: 오탐 테스트 | C55: 공통 | D55: https://www.youtube.com/watch?v=2hKNZLROmXo | E55: 30 Best AMAZON Buys + MUST HAVE Products | F55: Emily Norris | G55: 'not sponsored'인데 제휴 수수료를 밝힘. hidden_ad 아님 | H55: 확인 | I55: 정답지
A56: 55 | B56: 오탐 테스트 | C56: 공통 | D56: https://www.youtube.com/watch?v=F0goYr9VOkU | E56: How To Cash Out $500 Free On Cash App, 2026 Guide | F56: Shax Finds | G56: 제목은 사기 미끼, 내용은 사기 식별법 | H56: 확인
A57: 56 | B57: 오탐 테스트 | C57: 공통 | D57: https://www.youtube.com/watch?v=TOIpYlOcEGM | E57: Day in the Life of a RICH Teenage YouTuber (don't be jel hun) | F57: lookingforlewys | G57: 럭셔리 브이로그 풍자, 협찬 표시 있음 | H57: 확인
A59: 범례
A60: 노란 칸(J~M)만 채운다. 확정 라벨은 fake_urgency / hidden_ad / body_image_pressure / engagement_bait / misleading_thumbnail / fake_social_proof 중 해당하는 것을 쉼표로. 확정 판정은 드롭다운. 밝힘 문구는 설명란에 ad / sponsored / affiliate / commission / paid partnership 중 하나라도 있으면 '있음'.
A61: 예시 (1번 Tesla): 확정 라벨 = fake_urgency, giveaway 계열이면 fake_social_proof 추가 검토 / 확정 판정 = 봐도 됨 / 밝힘 문구 = 해당 없음
A62: 가라벨은 웹 검색 결과 기준이라 yt-dlp로 설명란·자막을 받은 뒤 다시 매긴다. 출처: 검색 에이전트, 2026-10-20.

Sheet 칸별 집계
A1: 칸 | B1: 개수 | C1: 정답지 추천 | D1: 확정 판정 입력됨
A2: 틴 봐도 됨 (Lens) | B2: =COUNTIF('테스트 세트'!$B$2:$B$57,A2) -> 10 | C2: =COUNTIFS('테스트 세트'!$B$2:$B$57,A2,'테스트 세트'!$I$2:$I$57,"정답지") -> 2 | D2: =COUNTIFS('테스트 세트'!$B$2:$B$57,A2,'테스트 세트'!$K$2:$K$57,"<>") -> 0
A3: 틴 주의 (Lens + 부모 표시) | B3: =COUNTIF('테스트 세트'!$B$2:$B$57,A3) -> 3 | C3: =COUNTIFS('테스트 세트'!$B$2:$B$57,A3,'테스트 세트'!$I$2:$I$57,"정답지") -> 1 | D3: =COUNTIFS('테스트 세트'!$B$2:$B$57,A3,'테스트 세트'!$K$2:$K$57,"<>") -> 0
A4: 틴 차단 | B4: =COUNTIF('테스트 세트'!$B$2:$B$57,A4) -> 12 | C4: =COUNTIFS('테스트 세트'!$B$2:$B$57,A4,'테스트 세트'!$I$2:$I$57,"정답지") -> 2 | D4: =COUNTIFS('테스트 세트'!$B$2:$B$57,A4,'테스트 세트'!$K$2:$K$57,"<>") -> 0
A5: 키즈 봐도 됨 | B5: =COUNTIF('테스트 세트'!$B$2:$B$57,A5) -> 7 | C5: =COUNTIFS('테스트 세트'!$B$2:$B$57,A5,'테스트 세트'!$I$2:$I$57,"정답지") -> 1 | D5: =COUNTIFS('테스트 세트'!$B$2:$B$57,A5,'테스트 세트'!$K$2:$K$57,"<>") -> 0
A6: 키즈 승인 필요 | B6: =COUNTIF('테스트 세트'!$B$2:$B$57,A6) -> 5 | C6: =COUNTIFS('테스트 세트'!$B$2:$B$57,A6,'테스트 세트'!$I$2:$I$57,"정답지") -> 1 | D6: =COUNTIFS('테스트 세트'!$B$2:$B$57,A6,'테스트 세트'!$K$2:$K$57,"<>") -> 0
A7: 키즈 숨김 | B7: =COUNTIF('테스트 세트'!$B$2:$B$57,A7) -> 12 | C7: =COUNTIFS('테스트 세트'!$B$2:$B$57,A7,'테스트 세트'!$I$2:$I$57,"정답지") -> 2 | D7: =COUNTIFS('테스트 세트'!$B$2:$B$57,A7,'테스트 세트'!$K$2:$K$57,"<>") -> 0
A8: 오탐 테스트 | B8: =COUNTIF('테스트 세트'!$B$2:$B$57,A8) -> 7 | C8: =COUNTIFS('테스트 세트'!$B$2:$B$57,A8,'테스트 세트'!$I$2:$I$57,"정답지") -> 2 | D8: =COUNTIFS('테스트 세트'!$B$2:$B$57,A8,'테스트 세트'!$K$2:$K$57,"<>") -> 0
A9: 합계 | B9: =SUM(B2:B8) -> 56 | C9: =SUM(C2:C8) -> 11 | D9: =SUM(D2:D8) -> 0
